folder,class,cells
31,schema,2640
74,irregular,216
98,irregular,33444
516,schema,3454
519,schema,832
595,irregular,520
600,schema,405
650,irregular,8136
760,schema,91
804,schema,8954
976,schema,130
2579,irregular,4230
2581,irregular,3600
2604,schema,6000
2613,irregular,2340
2662,schema,1368
2703,schema,1
2735,schema,9984
2781,irregular,3888
2869,schema,176
2897,schema,27426
2926,schema,10000
2930,schema,5500
2937,schema,47898
3223,schema,4626
3272,schema,267
3353,schema,2044
3355,schema,5185
3395,irregular,3240
3462,schema,13239
3503,irregular,5094
3549,schema,41193
3610,schema,22848
3632,schema,77
3657,irregular,459
3670,irregular,2898
3675,irregular,44604
3707,schema,495
4022,schema,1045
4076,schema,22068
4133,irregular,7956
4192,schema,22068
4195,irregular,510
4204,schema,76500
4229,irregular,3618
4230,irregular,2142
4254,irregular,38
4280,irregular,3744
4288,irregular,459
4308,schema,1
4322,irregular,78
4338,irregular,468
4348,schema,309
4356,schema,67793
4407,irregular,4842
4408,irregular,38
4460,schema,3370
4470,schema,9984
4471,rows,108
4487,irregular,21
4501,irregular,454
4540,rows,108
4550,irregular,35
4571,irregular,16
4573,irregular,21
4595,rows,108
4604,irregular,10170
4609,irregular,51
4632,schema,2
4635,irregular,78
4641,irregular,23
4654,irregular,27324
4667,irregular,24
4677,irregular,459
4715,irregular,83
4719,irregular,469
4723,irregular,76
4725,irregular,78
4752,irregular,13
4771,irregular,1347
4772,irregular,464
4780,irregular,24
4797,schema,456
4810,irregular,21
4826,irregular,454
4850,irregular,466
4856,irregular,21
4872,irregular,464
4875,irregular,28
4876,irregular,165
4901,irregular,468
4906,irregular,27
4929,irregular,456
4957,irregular,72
4958,irregular,38
4969,irregular,1161
4970,schema,580
4985,irregular,454
4992,schema,132
4996,irregular,38
5007,irregular,200
5010,irregular,2634
5022,irregular,12780
5031,irregular,69858
5036,irregular,133
5051,rows,108
5056,irregular,76
5062,irregular,35
5069,irregular,468
5071,irregular,456
5074,irregular,27
5079,irregular,14598
5081,irregular,24
5082,irregular,74
5088,irregular,132
5091,irregular,38
5118,schema,38016
5126,irregular,13
5136,irregular,1349
5143,schema,630
5145,schema,3818
5151,irregular,72
5153,irregular,472
5154,schema,146125
5155,irregular,482
5161,irregular,24
5166,irregular,452
5169,irregular,1125
5171,,2140
5174,irregular,454
5178,irregular,544
5180,irregular,74
5204,irregular,81
5208,irregular,490
5210,irregular,24
5225,schema,3200
5235,irregular,80
5236,irregular,15696
5239,irregular,78
5243,irregular,390
5256,schema,178
5257,schema,7000
5260,schema,625
5262,irregular,23
5266,irregular,28
5270,irregular,24
5272,irregular,24
5273,irregular,378
5280,schema,4743
5292,irregular,337
5306,irregular,2124
5309,irregular,1836
5318,irregular,13
5329,irregular,1125
5331,irregular,24
5335,irregular,85
5352,irregular,3708
5361,irregular,4302
5362,irregular,464
5365,irregular,455
5370,irregular,3006
5379,schema,16524
5380,irregular,75
5384,irregular,23
5394,irregular,74
5396,irregular,28
5397,irregular,56
5402,irregular,81
5422,irregular,195
5432,irregular,23
5446,schema,60
5447,irregular,1607
5450,irregular,150
5459,irregular,24
5460,irregular,456
5470,irregular,24
5473,irregular,459
5475,irregular,460
5478,irregular,463
5482,irregular,28
5483,irregular,24
5486,irregular,468
5504,irregular,24
5507,irregular,28
5515,irregular,74
5517,irregular,21
5519,irregular,23
5527,irregular,469
5530,irregular,482
5531,irregular,80
5535,irregular,471
5536,irregular,76
5540,,32208
5557,irregular,23
5561,irregular,78
5567,irregular,460
5578,irregular,474
5597,irregular,75
5612,irregular,24
5615,irregular,85
5621,irregular,5958
5626,irregular,23
5627,irregular,6138
5633,irregular,2628
5634,irregular,3978
5637,irregular,77
5640,irregular,1359
5647,irregular,79
5648,irregular,810
5661,irregular,24
5666,irregular,77
5669,irregular,24
5671,irregular,455
5672,irregular,3744
5680,,2208
5683,irregular,471
5684,irregular,471
5685,irregular,1152
5689,irregular,4644
5692,irregular,24
5696,irregular,23
5703,irregular,468
5705,irregular,23
5706,irregular,23
5709,irregular,24
5712,irregular,468
5715,schema,4996
5718,irregular,24
5719,irregular,76
5721,irregular,23
5723,irregular,13
5724,irregular,23
5725,irregular,113
5728,irregular,23
5736,irregular,468
5738,irregular,51
5739,schema,1122
5740,irregular,469
5743,irregular,6770
5744,schema,3780
5746,irregular,468
5756,irregular,74
5757,irregular,23
5764,irregular,90
5767,irregular,78
5773,irregular,12618
5774,irregular,74
5782,irregular,77
5785,irregular,464
5787,irregular,74
5789,schema,3608
5792,irregular,158
5794,irregular,25
5809,irregular,83
5812,irregular,85
5813,irregular,3186
5817,irregular,24
5818,irregular,150
5820,schema,930
5837,irregular,468
5845,irregular,455
5847,,3410
5848,irregular,464
5852,irregular,72
5853,schema,51
5875,irregular,455
5880,schema,4896
5883,irregular,460
5894,irregular,5797
5903,irregular,24
5907,irregular,24
5923,irregular,493
5927,irregular,24
5928,irregular,23
5932,irregular,24
5933,,16
5935,irregular,24
5940,irregular,477
5945,irregular,1787
5951,irregular,23
5953,schema,78631
5958,irregular,23
5961,irregular,1080
5962,irregular,23
5964,irregular,24
5969,irregular,23
5970,irregular,205
5974,schema,37224
5987,irregular,23
5990,irregular,24
5995,irregular,23
6003,irregular,24
6006,irregular,456
6009,irregular,1349
6013,irregular,23
6014,irregular,59
6015,irregular,24
6019,schema,490
6022,irregular,460
6023,irregular,744
6025,irregular,456
6026,schema,306
6029,irregular,85
6031,schema,130
6042,irregular,24
6045,irregular,23
6047,irregular,24
6051,irregular,666
6054,irregular,24
6058,irregular,471
6059,irregular,612
6060,schema,79336
6064,irregular,35
6066,irregular,1350
6070,irregular,23
6071,irregular,24
6073,irregular,472
6076,schema,2465
6079,irregular,24
6088,irregular,471
6091,schema,2125
6092,irregular,457
6095,irregular,468
6099,irregular,3708
6103,irregular,23
6105,irregular,12969
6113,irregular,470
6115,irregular,80
6117,irregular,1160
6122,irregular,24
6125,irregular,460
6134,schema,120
6140,irregular,96
6143,irregular,25
6144,irregular,270
6145,irregular,8262
6146,schema,816
6151,irregular,3078
6154,irregular,63
6157,irregular,469
6161,irregular,24
6162,irregular,1668
6166,irregular,23
6169,irregular,23
6171,schema,93018
6172,irregular,1372
6173,irregular,8298
6176,irregular,471
6177,irregular,460
6178,irregular,128
6187,irregular,24
6201,irregular,23
6202,schema,1160
6203,irregular,471
6205,irregular,115
6206,irregular,24
6208,irregular,459
6210,schema,1980
6212,irregular,456
6214,schema,4256
6216,irregular,79
6218,irregular,23
6222,irregular,24
6223,irregular,23
6226,irregular,1476
6228,irregular,1332
6229,irregular,1440
6237,irregular,23
6240,irregular,476
6245,irregular,24
6255,irregular,199
6256,schema,630
6257,irregular,471
6259,irregular,558
6261,irregular,1260
6263,schema,4681
6267,irregular,23
6271,irregular,24
6272,irregular,76
6273,,36
6274,irregular,34
6275,irregular,23
6282,irregular,2005
6283,irregular,24
6290,irregular,24
6294,irregular,77
6297,irregular,5340
6298,irregular,84
6299,irregular,446
6300,irregular,115
6301,irregular,77
6305,irregular,471
6308,irregular,24
6309,irregular,23
6316,irregular,77
6321,irregular,24
6326,irregular,24
6329,schema,5660
6335,irregular,79
6337,irregular,115
6343,schema,17952
6345,irregular,5751
6347,schema,9620
6348,irregular,2628
6353,irregular,24
6356,irregular,1908
6358,irregular,197
6360,schema,324
6362,irregular,1368
6365,irregular,93
6367,irregular,23
6370,irregular,23
6372,irregular,24
6374,irregular,16674
6377,irregular,456
6378,irregular,1206
6381,irregular,24
6382,irregular,23
6391,schema,36504
6393,irregular,201
6400,irregular,23
6402,irregular,24
6403,rows,126
6406,irregular,23
6407,irregular,24
6408,irregular,23
6409,schema,36504
6410,schema,48174
6416,irregular,24
6417,schema,132
6423,irregular,125
6427,irregular,80
6428,irregular,23
6429,irregular,202
6434,irregular,24
6436,irregular,460
6443,irregular,72
6447,irregular,2412
6450,irregular,23
6454,irregular,24
6459,irregular,460
6460,schema,2465
6462,irregular,75
6464,irregular,460
6466,irregular,471
6467,irregular,24
6468,irregular,866
6471,irregular,455
6473,irregular,10494
6474,schema,2499
6478,irregular,24
6481,irregular,4320
6487,irregular,196
6490,rows,10656
6495,rows,648
6505,irregular,77
6507,irregular,466
6509,irregular,23
6519,irregular,1345
6521,irregular,460
6526,irregular,467
6527,irregular,23
6528,,42
6531,irregular,24
6532,irregular,86
6534,irregular,87
6538,irregular,2950
6545,irregular,205
6550,irregular,73
6552,irregular,3199
6554,irregular,79
6557,irregular,442
6560,irregular,24
6568,irregular,24
6570,irregular,24
6572,irregular,24
6574,irregular,23
6576,irregular,15363
6578,irregular,4788
6580,irregular,8370
6592,irregular,21
6593,irregular,24
6601,irregular,450
6605,irregular,460
6608,irregular,87
6609,irregular,24
6612,irregular,23
6613,irregular,24
6614,irregular,75
6616,irregular,24
6618,,3920
6620,schema,36504
6629,irregular,24
6633,irregular,23
6635,irregular,24
6639,irregular,1607
6643,schema,4910
6647,irregular,24
6648,irregular,23
6650,irregular,24
6652,irregular,499
6655,irregular,23
6658,irregular,95
6662,irregular,22
6663,irregular,23
6668,irregular,24
6671,irregular,24
6672,schema,4910
6676,schema,1878
6678,irregular,864
6679,schema,1425
6681,irregular,490
6682,irregular,24
6684,irregular,23
6690,irregular,24
6691,irregular,33
6695,irregular,286
6697,schema,436
6701,irregular,81
6702,irregular,24
6703,irregular,261
6704,schema,54
6708,irregular,23
6714,irregular,23
6717,irregular,24
6718,irregular,25
6719,irregular,24
6721,irregular,705
6723,irregular,20160
6727,irregular,24
6729,irregular,17520
6734,irregular,360
6735,irregular,626
6740,irregular,24
6741,irregular,23
6742,irregular,746
6743,schema,1122
6745,schema,164
6749,irregular,24
6750,irregular,459
6757,irregular,201
6758,irregular,3582
6759,irregular,24
6760,irregular,23
6761,irregular,23
6764,irregular,1242
6770,irregular,24
6775,irregular,23
6776,irregular,23
6777,irregular,24
6778,irregular,24
6782,irregular,23
6783,irregular,24
6786,irregular,458
6796,irregular,80
6798,,16
6799,irregular,80
6800,irregular,1350
6801,irregular,24
6804,irregular,23
6807,irregular,24
6824,irregular,23
6827,irregular,23
6828,irregular,24
6829,schema,18135
6831,irregular,24
6833,irregular,24
6835,irregular,24
6838,irregular,460
6839,irregular,24
6842,irregular,23
6845,irregular,23
6848,irregular,41
6850,irregular,24
6851,irregular,6036
6853,irregular,24
6858,schema,50
6861,irregular,24
6863,irregular,24
6864,irregular,24
6869,irregular,24
6871,irregular,3571
6879,irregular,23
6880,irregular,24
6881,irregular,24
6882,irregular,3384
6884,irregular,76
6885,irregular,24
6887,irregular,24
6889,irregular,24
6891,irregular,50
6892,irregular,24
6897,irregular,23
6899,schema,5656
6900,irregular,450
6902,irregular,24
6903,irregular,24
6904,schema,5500
6910,irregular,2466
6912,irregular,24
6915,irregular,846
6918,schema,61450
6919,irregular,2754
6920,irregular,271
6921,irregular,24
6922,irregular,450
6923,irregular,24
6928,irregular,458
6929,irregular,1026
6932,irregular,23
6936,irregular,756
6937,irregular,23
6938,irregular,24
6940,irregular,23
6941,irregular,24
6942,irregular,24
6951,irregular,24
6958,schema,30294
6960,irregular,2484
6962,irregular,468
6963,irregular,24
6970,irregular,24
6972,irregular,24
6973,irregular,5577
6977,schema,461
6982,irregular,24
6987,irregular,24
6992,irregular,462
6995,irregular,12852
7000,irregular,78
7001,,108
7004,irregular,451
7005,irregular,24
7011,irregular,23
7013,irregular,23
7015,irregular,23
7017,irregular,23
7018,schema,1027
7019,irregular,24
7020,irregular,24
7025,irregular,24
7028,irregular,24
7030,schema,7000
7032,irregular,23
7043,irregular,24
7044,irregular,1278
7046,irregular,24
7055,irregular,24
7057,irregular,24
7059,irregular,24
7061,irregular,24
7067,irregular,24
7071,irregular,504
7072,irregular,23
7074,irregular,12
7075,rows,88
7077,irregular,24
7080,irregular,39
7081,irregular,24
7085,irregular,24
7087,irregular,23
7089,irregular,1645
7093,schema,100
7095,irregular,24
7096,irregular,85
7097,irregular,630
7101,irregular,24
7103,irregular,23
7104,rows,2196
7116,irregular,24
7120,irregular,24
7121,irregular,205
7127,schema,16786
7131,schema,5656
7135,irregular,24
7139,irregular,23
7144,irregular,24
7145,irregular,23
7146,irregular,24
7157,irregular,76
7158,irregular,378
7162,irregular,89
7164,irregular,522
7165,irregular,576
7166,irregular,24
7174,irregular,85
7181,irregular,23
7182,schema,36504
7183,irregular,301
7184,schema,4484
7190,irregular,24
7193,irregular,24
7194,irregular,24
7195,irregular,24
7196,irregular,2916
7197,schema,50
7200,irregular,23
7201,irregular,24
7204,irregular,24
7209,irregular,23
7211,irregular,24
7215,irregular,223
7217,irregular,24
7218,irregular,24
7219,irregular,6951
7222,irregular,24
7225,irregular,23
7226,irregular,21
7227,irregular,77
7230,irregular,24
7232,irregular,24
7237,irregular,558
7238,irregular,24
7241,irregular,24
7243,irregular,24
7249,schema,7000
7257,irregular,22
7265,irregular,1440
7267,irregular,24
7271,irregular,23
7274,irregular,24
7279,irregular,10
7280,irregular,91
7284,irregular,24
7285,irregular,24
7287,irregular,1908
